En çok yapılan sorgular,Tıklamalar,Gösterimler,TO,Pozisyon
webcraft,2,18,11.11%,3.78
web craft,1,6,16.67%,2.17
web tasarım,0,31,0%,1.06
web analitik,0,19,0%,44.32
dijital pazarlama,0,17,0%,10.24
web sitesi,0,13,0%,2.08
dijital,0,8,0%,5.25
seo değişler türkiye,0,6,0%,11.33
fethiye web tasarım,0,5,0%,5.8
web sitesi güvenliği,0,5,0%,75.2
fethiye dijital pazarlama ajansı,0,3,0%,1.67
web sitesi fethiye,0,3,0%,1.67
web tasarım ajansı,0,3,0%,1.67
diğital,0,3,0%,5
web tasarımcısı,0,2,0%,1.5
ticaret uygulama,0,2,0%,10.5
seo degisler tuerkiye,0,2,0%,20
"""web tasarım""",0,1,0%,1
websitesi,0,1,0%,1
bepsitesi,0,1,0%,2
dijital pazarlama ajansı,0,1,0%,2
muğla web tasarım,0,1,0%,2
fethiye yazılım,0,1,0%,3
pazarlama,0,1,0%,9
"""burak kutlu"" or ""emin can yılmaz"" or ""hakan erdoğan"" or ""hakan yıldız"" or 
""kart çalınma"" or ""ödeme sistemleri"" or ""paratika"" or ""payten"" or ""veri 
çalınma""",0,1,0%,52